lease_id,asset_id,lessee,region,start_date,end_date,term_months,monthly_rent,status,termination_date
LSE-00001,AST-0063,Meadows PLC,APAC,2024-09-01,2025-08-27,12,7847.94,Active,
LSE-00002,AST-0319,Miller Group,Middle East,2024-05-20,2028-04-29,48,10121.91,Active,
LSE-00003,AST-0256,White-Green,LATAM,2022-04-11,2027-03-16,60,7767.48,Active,
LSE-00004,AST-0295,Murphy-Juarez,LATAM,2023-03-21,2025-03-10,24,5436.25,Terminated,2024-03-13
LSE-00005,AST-0315,King-Miller,Middle East,2023-06-22,2026-06-06,36,5290.53,Active,
LSE-00006,AST-0341,"Williams, Crane and Walker",North America,2021-09-14,2022-09-09,12,4646.94,Active,
LSE-00007,AST-0489,"Williams, Johnson and Wright",LATAM,2021-12-12,2026-11-16,60,9543.74,Active,
LSE-00008,AST-0260,"Hernandez, Martinez and Caldwell",APAC,2025-09-26,2030-08-31,60,10543.31,Active,
LSE-00009,AST-0023,Marshall LLC,Middle East,2024-05-19,2028-04-28,48,3416.98,Expired,
LSE-00010,AST-0009,Obrien Ltd,EMEA,2025-05-19,2028-05-03,36,4465.23,Expired,
LSE-00011,AST-0376,Oconnell Inc,Middle East,2025-02-21,2026-02-16,12,8954.65,Expired,
LSE-00012,AST-9993,Johnston-Odonnell,LATAM,2024-06-15,2026-06-05,24,6779.16,Active,
LSE-00013,AST-0417,"Gonzalez, Vargas and Rivas",Middle East,2023-06-16,2025-06-05,24,8373.85,Expired,
LSE-00014,AST-0357,"Barton, Jefferson and Burke",LATAM,2022-10-21,2026-09-30,48,1225.66,Terminated,2023-09-22
LSE-00015,AST-0398,"Patton, Reed and Patterson",APAC,2022-03-16,2026-02-23,48,2818.3,Active,
LSE-00016,AST-0406,"Holland, Smith and Fisher",EMEA,2023-06-07,2025-05-27,24,4129.35,Expired,
LSE-00017,AST-0159,Yu-Reid,APAC,2024-01-08,2028-12-12,60,9877.17,Active,
LSE-00018,AST-0243,"Hernandez, Thompson and Boyd",EMEA,2025-09-07,2028-08-22,36,7939.36,Active,
LSE-00019,AST-0147,"Morton, Medina and Webb",North America,2024-10-22,2027-10-07,36,1049.75,Expired,
LSE-00020,AST-0336,"Vargas, Morris and Sanchez",EMEA,2023-10-02,2026-09-16,36,9692.44,Active,
LSE-00021,AST-0224,Keith-Sanchez,APAC,2026-03-16,2030-02-23,48,4398.92,Terminated,2028-07-14
LSE-00022,AST-0096,"Barnett, Rogers and Snyder",EMEA,2023-11-23,2027-11-02,48,11129.57,Terminated,2026-02-12
LSE-00023,AST-0266,Lewis-Salinas,LATAM,2023-03-17,2026-03-01,36,8861.44,Expired,
LSE-00024,AST-0041,"Haynes, Hill and Smith",APAC,2023-04-14,2027-03-24,48,6772.96,Terminated,2024-06-16
LSE-00025,AST-0165,Allen Group,LATAM,2026-04-09,2027-04-04,12,8100.57,Active,
LSE-00026,AST-0157,Vaughn Ltd,Middle East,2024-01-05,2027-12-15,48,2416.41,Terminated,2026-07-25
LSE-00027,AST-0228,Mcguire-Davis,APAC,2025-02-09,2028-01-25,36,8858.37,Active,
LSE-00028,AST-0467,"Sanchez, Beck and Wood",APAC,2022-09-12,2025-08-27,36,3657.39,Terminated,2024-01-30
LSE-00029,AST-0406,Coleman-Reese,EMEA,2024-05-01,2025-04-26,12,7831.39,Active,
LSE-00030,AST-0187,"Chavez, Parker and Hall",Middle East,2023-03-28,2028-03-01,60,8313.22,Expired,
LSE-00031,AST-0488,Wilson-Herrera,LATAM,2025-02-26,2026-02-21,12,7487.09,Active,
LSE-00032,AST-0401,Lee Ltd,North America,2025-05-10,2029-04-19,48,1273.18,Active,
LSE-00033,AST-0399,"Lawrence, Wolf and Carlson",EMEA,2023-12-28,2026-12-12,36,11418.87,Active,
LSE-00034,AST-0017,Phillips LLC,North America,2026-06-06,2031-05-11,60,5674.11,Active,
LSE-00035,AST-0190,Erickson and Sons,EMEA,2022-06-29,2025-06-13,36,1384.18,Active,
LSE-00036,AST-0071,Tran Ltd,North America,2022-12-16,2027-11-20,60,4115.43,Active,
LSE-00037,AST-0143,"Oneill, Henry and Salas",North America,2026-04-02,2028-03-22,24,798.0,Expired,
LSE-00038,AST-0096,Mendoza-Peterson,EMEA,2024-06-07,2028-05-17,48,11005.74,Active,
LSE-00039,AST-0061,Everett-Woods,EMEA,2026-05-11,2029-04-25,36,8596.43,Expired,
LSE-00040,AST-0110,Vasquez-Ray,EMEA,2025-08-26,2030-07-31,60,11039.51,Active,
LSE-00041,AST-0252,Hernandez PLC,EMEA,2024-12-25,2026-12-15,24,10307.5,Active,
LSE-00042,AST-0232,Mcknight Inc,LATAM,2026-04-11,2028-03-31,24,5618.78,Expired,
LSE-00043,AST-0045,Obrien-Gibbs,North America,2024-05-09,2027-04-24,36,1246.8,Terminated,2026-07-04
LSE-00044,AST-0278,"James, Kerr and Evans",Middle East,2022-09-20,2025-09-04,36,10290.66,Expired,
LSE-00045,AST-0365,Torres-Oliver,North America,2024-07-02,2026-06-22,24,6350.69,Expired,
LSE-00046,AST-0063,"Garcia, Farmer and Garrett",APAC,2024-08-09,2026-07-30,24,3222.47,Expired,
LSE-00047,AST-0253,Moore and Sons,North America,2022-11-29,2023-11-24,12,7081.19,Active,
LSE-00048,AST-0240,Smith Group,APAC,2024-04-28,2029-04-02,60,10668.83,Active,
LSE-00049,AST-0034,Carter-Hall,LATAM,2024-12-31,2027-12-16,36,8744.74,Active,
LSE-00050,AST-0246,"Heath, Jones and Hall",LATAM,2025-01-31,2030-01-05,60,5208.49,Active,
LSE-00051,AST-0295,"Lawrence, Lara and Gonzalez",LATAM,2022-11-29,2023-11-24,12,4145.82,Active,
LSE-00052,AST-0038,Holland LLC,APAC,2022-03-05,2026-02-12,48,6449.64,Active,
LSE-00053,AST-0066,Brown LLC,North America,2025-09-03,2030-08-08,60,9329.49,Terminated,2026-11-09
LSE-00054,AST-0067,"Morse, Gonzales and Harrison",Middle East,2024-07-14,2028-06-23,48,10484.43,Active,
LSE-00055,AST-0426,Bender-Mason,APAC,2023-02-08,2024-02-03,12,3997.43,Active,
LSE-00056,AST-9338,George Group,EMEA,2024-01-14,2026-12-29,36,3092.91,Expired,
LSE-00057,AST-0486,"Wright, Davis and Hayden",North America,2025-03-22,2030-02-24,60,10228.24,Expired,
LSE-00058,AST-0129,"Matthews, Smith and Hubbard",LATAM,2025-09-20,2027-09-10,24,3656.19,Terminated,2027-06-06
LSE-00059,AST-0321,"Williams, Avila and Ruiz",EMEA,2025-08-25,2028-08-09,36,6279.59,Terminated,2026-01-27
LSE-00060,AST-0087,White-Richards,EMEA,2024-10-24,2029-09-28,60,2273.23,Expired,
LSE-00061,AST-0338,Costa-Harrison,North America,2024-09-24,2029-08-29,60,4382.63,Terminated,2028-04-15
LSE-00062,AST-0474,Santiago-Hodge,EMEA,2023-08-14,2028-07-18,60,10433.48,Active,
LSE-00063,AST-0042,"Simpson, Bates and Morales",EMEA,2023-03-26,2024-03-20,12,9366.76,Expired,
LSE-00064,AST-0136,Gibson LLC,Middle East,2025-05-07,2027-04-27,24,5290.75,Expired,
LSE-00065,AST-0328,Cordova Group,EMEA,2022-11-07,2023-11-02,12,7712.39,Active,
LSE-00066,AST-0149,Sandoval PLC,LATAM,2025-11-11,2028-10-26,36,9753.91,Active,
LSE-00067,AST-0351,Lopez LLC,North America,2023-11-18,2027-10-28,48,1339.19,Active,
LSE-00068,AST-0031,Garrett-Wolf,APAC,2024-09-02,2026-08-23,24,6068.89,Active,
LSE-00069,AST-0105,"Anderson, Roberts and Gilmore",North America,2022-08-11,2025-07-26,36,10407.08,Terminated,2023-08-26
LSE-00070,AST-0164,Dudley PLC,EMEA,2023-12-29,2026-12-13,36,2003.81,Expired,
LSE-00071,AST-0190,"Moore, Pierce and Tran",EMEA,2025-07-16,2030-06-20,60,3279.99,Terminated,2027-06-29
LSE-00072,AST-0063,Murray Inc,APAC,2022-01-25,2025-01-09,36,2120.09,Active,
LSE-00073,AST-0026,Jimenez Ltd,EMEA,2024-10-17,2027-10-02,36,10437.88,Expired,
LSE-00074,AST-0215,"Hill, Davenport and Baird",LATAM,2023-01-17,2025-01-06,24,10876.57,Expired,
LSE-00075,AST-0417,"Thomas, Lee and Greene",Middle East,2022-10-22,2025-10-06,36,8792.98,Expired,
LSE-00076,AST-0098,Shields LLC,Middle East,2025-04-12,2027-04-02,24,6419.34,Active,
LSE-00077,AST-0256,Morgan-French,LATAM,2025-05-29,2028-05-13,36,1535.56,Active,
LSE-00078,AST-0202,Campbell LLC,EMEA,2022-12-03,2027-11-07,60,3268.38,Active,
LSE-00079,AST-0299,"Duarte, Burns and Hernandez",North America,2025-09-23,2028-09-07,36,3735.6,Active,
LSE-00080,AST-0306,Cook-Hines,EMEA,2024-04-04,2028-03-14,48,594.04,Active,
LSE-00081,AST-0056,Kane-Pollard,LATAM,2023-06-19,2027-05-29,48,3541.44,Active,
LSE-00082,AST-0188,Hall-Rowe,APAC,2022-10-13,2026-09-22,48,5106.69,Active,
LSE-00083,AST-0292,"Kennedy, Mcintyre and James",EMEA,2021-10-28,2026-10-02,60,6862.06,Active,
LSE-00084,AST-0038,"Pollard, Simpson and Johnson",APAC,2026-06-21,2030-05-31,48,9290.65,Active,
LSE-00085,AST-0144,"Rivera, Garcia and Kirk",North America,2024-01-30,2029-01-03,60,1979.63,Terminated,2024-11-28
LSE-00086,AST-0050,Smith-Thomas,APAC,2022-02-06,2026-01-16,48,11848.06,Active,
LSE-00087,AST-0286,Jones LLC,APAC,2025-11-22,2028-11-06,36,2789.17,Expired,
LSE-00088,AST-0261,"Sanders, Miller and Murphy",LATAM,2023-04-11,2027-03-21,48,1020.99,Active,
LSE-00089,AST-0071,"James, Stewart and Higgins",North America,2024-12-04,2027-11-19,36,6472.33,Expired,
LSE-00090,AST-0077,"Johnson, Jones and Welch",EMEA,2025-05-05,2030-04-09,60,2107.48,Expired,
LSE-00091,AST-0477,Francis Group,Middle East,2026-02-19,2031-01-24,60,5018.98,Active,
LSE-00092,AST-0316,"Padilla, Garcia and Jackson",APAC,2026-06-03,2029-05-18,36,10025.33,Terminated,2028-01-03
LSE-00093,AST-0273,Williams Inc,LATAM,2023-01-30,2027-01-09,48,5961.26,Terminated,2024-12-03
LSE-00094,AST-0009,Jordan-Sanchez,EMEA,2023-01-19,2026-01-03,36,1760.45,Active,
LSE-00095,AST-0214,"Sparks, Jackson and Miller",LATAM,2023-08-21,2028-07-25,60,10835.82,Active,
LSE-00096,AST-0447,"Vega, Jimenez and Aguilar",APAC,2025-11-22,2026-11-17,12,11621.31,Terminated,2026-06-05
LSE-00097,AST-0401,"King, Scott and Smith",North America,2022-10-02,2027-09-06,60,1090.58,Terminated,2026-12-17
LSE-00098,AST-9507,Byrd-Moore,LATAM,2025-07-26,2027-07-16,24,8793.6,Active,
LSE-00099,AST-0397,Huerta-Evans,North America,2023-10-13,2027-09-22,48,8328.36,Active,
LSE-00100,AST-0017,"Wright, Bruce and Gonzalez",North America,2026-05-04,2031-04-08,60,1763.8,Expired,
LSE-00101,AST-0010,Rodriguez-James,North America,2023-07-02,2027-06-11,48,2241.46,Active,
LSE-00102,AST-0354,Haney-Phillips,LATAM,2023-05-17,2025-05-06,24,9412.18,Active,
LSE-00103,AST-0472,"Foster, Smith and Grimes",APAC,2026-06-02,2030-05-12,48,8962.13,Expired,
LSE-00104,AST-0032,Lozano Ltd,Middle East,2025-06-08,2027-05-29,24,6950.2,Active,
LSE-00105,AST-0340,Parsons-Hall,LATAM,2024-01-20,2027-12-30,48,4108.15,Active,
LSE-00106,AST-0089,Fields PLC,APAC,2025-07-21,2029-06-30,48,4436.76,Expired,
LSE-00107,AST-0182,"Saunders, Becker and Taylor",North America,2022-11-04,2025-10-19,36,11509.38,Terminated,2023-07-18
LSE-00108,AST-0143,"Lucas, Parker and Alexander",North America,2022-02-01,2027-01-06,60,11327.08,Active,
LSE-00109,AST-0153,"Anderson, Browning and Murphy",North America,2024-06-16,2027-06-01,36,8607.36,Terminated,2026-07-22
LSE-00110,AST-0163,Anderson PLC,EMEA,2023-08-27,2027-08-06,48,11237.55,Active,
LSE-00111,AST-0408,Schmidt-Mcintyre,North America,2025-12-02,2028-11-16,36,7094.98,Active,
LSE-00112,AST-0279,Sloan-Raymond,North America,2025-09-10,2029-08-20,48,5037.12,Expired,
LSE-00113,AST-0177,Francis-Morgan,LATAM,2026-05-14,2028-05-03,24,3807.75,Active,
LSE-00114,AST-0366,Taylor and Sons,Middle East,2022-03-05,2023-02-28,12,5587.33,Active,
LSE-00115,AST-0132,"Craig, Sanders and Singleton",APAC,2025-11-02,2029-10-12,48,10021.44,Active,
LSE-00116,AST-0139,Gibbs Inc,Middle East,2024-05-07,2029-04-11,60,1756.11,Terminated,2025-04-13
LSE-00117,AST-0380,Gibson Ltd,LATAM,2022-11-28,2027-11-02,60,1083.8,Active,
LSE-00118,AST-0464,Richards-Carson,APAC,2025-04-17,2030-03-22,60,3177.62,Active,
LSE-00119,AST-0052,Leonard Group,APAC,2026-03-26,2030-03-05,48,5932.64,Active,
LSE-00120,AST-0349,"Murphy, Bishop and Holland",LATAM,2021-09-24,2023-09-14,24,6829.05,Active,
LSE-00121,AST-0476,Blankenship-Turner,EMEA,2024-09-25,2026-09-15,24,11252.87,Active,
LSE-00122,AST-0450,Williams Inc,Middle East,2023-08-14,2027-07-24,48,2793.74,Active,
LSE-00123,AST-0494,Wilson-Young,EMEA,2023-02-08,2026-01-23,36,7927.83,Active,
LSE-00124,AST-0465,Chavez-Santiago,EMEA,2024-04-02,2025-03-28,12,6654.25,Terminated,2024-09-27
LSE-00125,AST-0371,"Barnes, Newton and Moore",EMEA,2025-04-06,2026-04-01,12,2513.24,Expired,
LSE-00126,AST-0452,Bass PLC,North America,2023-08-26,2025-08-15,24,917.91,Expired,
LSE-00127,AST-0429,Johnson-Wood,Middle East,2023-08-13,2027-07-23,48,2642.58,Expired,
LSE-00128,AST-0384,Foley Inc,LATAM,2023-10-16,2026-09-30,36,606.57,Expired,
LSE-00129,AST-0291,Stephens-Levine,LATAM,2026-06-07,2031-05-12,60,11804.43,Active,
LSE-00130,AST-0146,Hill-Donaldson,EMEA,2023-05-17,2027-04-26,48,6747.96,Expired,
LSE-00131,AST-0253,Davis-Lewis,North America,2026-04-11,2028-03-31,24,5882.24,Expired,
LSE-00132,AST-0099,Williams LLC,EMEA,2024-10-02,2025-09-27,12,8907.87,Active,
LSE-00133,AST-0332,Buchanan and Sons,North America,2022-10-22,2025-10-06,36,8971.11,Terminated,2023-01-04
LSE-00134,AST-0405,"Clark, Robinson and Kane",APAC,2021-12-12,2024-11-26,36,2721.35,Terminated,2024-03-26
LSE-00135,AST-0313,Kramer PLC,EMEA,2023-03-24,2027-03-03,48,6425.73,Expired,
LSE-00136,AST-0045,Huerta PLC,North America,2021-08-16,2025-07-26,48,11789.38,Terminated,2022-10-28
LSE-00137,AST-0245,Rodriguez Inc,Middle East,2022-11-04,2025-10-19,36,578.55,Expired,
LSE-00138,AST-0197,Tyler-Young,APAC,2022-04-04,2024-03-24,24,3570.43,Active,
LSE-00139,AST-0169,Baker and Sons,APAC,2023-03-15,2026-02-27,36,631.51,Terminated,2024-12-20
LSE-00140,AST-0335,"Wilson, Brown and West",Middle East,2025-04-04,2028-03-19,36,8179.54,Terminated,2025-08-05
LSE-00141,AST-0239,"Rodriguez, Gordon and Dougherty",Middle East,2023-05-23,2026-05-07,36,8389.85,Active,
LSE-00142,AST-0473,"Boyd, Ellis and Maynard",Middle East,2021-10-27,2024-10-11,36,11035.5,Terminated,2023-10-11
LSE-00143,AST-0152,Boone-Simmons,EMEA,2021-11-28,2024-11-12,36,11509.65,Terminated,2022-09-08
LSE-00144,AST-0245,"Browning, Jones and Miller",Middle East,2022-02-20,2024-02-10,24,11871.64,Active,
LSE-00145,AST-0192,Martinez PLC,Middle East,2024-08-07,2028-07-17,48,9209.53,Terminated,2027-05-28
LSE-00146,AST-0411,"Joseph, James and Harper",Middle East,2024-09-21,2026-09-11,24,8323.93,Expired,
LSE-00147,AST-0306,"Jacobs, Garcia and Miles",EMEA,2023-01-22,2024-01-17,12,6573.99,Active,
LSE-00148,AST-0186,"Rich, Arnold and Glenn",EMEA,2025-10-20,2026-10-15,12,1790.4,Expired,
LSE-00149,AST-0425,Gutierrez Group,LATAM,2023-09-22,2028-08-26,60,2824.8,Expired,
LSE-00150,AST-0275,"Davis, Simmons and Ortega",LATAM,2023-07-28,2025-07-17,24,10326.59,Active,
LSE-00151,AST-0227,Mcdaniel Group,North America,2023-06-14,2024-06-08,12,1545.83,Terminated,2024-04-19
LSE-00152,AST-0262,Davis Inc,APAC,2021-12-09,2025-11-18,48,5714.47,Expired,
LSE-00153,AST-9328,Cain-Hawkins,LATAM,2025-04-09,2029-03-19,48,1163.97,Active,
LSE-00154,AST-0237,"Hoffman, Santiago and Jenkins",North America,2024-06-29,2027-06-14,36,3426.26,Terminated,2025-10-07
LSE-00155,AST-0002,Parrish-Griffith,North America,2025-11-26,2027-11-16,24,5372.52,Terminated,2026-03-12
LSE-00156,AST-0359,"Edwards, Garcia and Romero",Middle East,2026-05-16,2027-05-11,12,1192.94,Active,
LSE-00157,AST-0458,Walker-Rodriguez,Middle East,2022-05-15,2023-05-10,12,5928.82,Expired,
LSE-00158,AST-0147,Wilson-Ramirez,LATAM,2025-10-07,2029-09-16,48,2057.43,Active,
LSE-00159,AST-0329,Bruce-Villegas,EMEA,2022-09-21,2026-08-31,48,10750.34,Active,
LSE-00160,AST-0230,"Leonard, Hawkins and Lynch",LATAM,2025-08-19,2029-07-29,48,8351.4,Active,
LSE-00161,AST-9284,"Adams, White and Park",EMEA,2024-11-04,2029-10-09,60,10393.3,Active,
LSE-00162,AST-0061,Bell-White,EMEA,2023-02-16,2025-02-05,24,5020.17,Expired,
LSE-00163,AST-0066,"Morales, Thomas and Schultz",North America,2022-04-25,2024-04-14,24,9196.06,Expired,
LSE-00164,AST-0153,"Moreno, Bennett and Chavez",North America,2021-10-05,2025-09-14,48,5377.47,Terminated,2024-12-23
LSE-00165,AST-0195,Griffith-Frank,North America,2022-05-20,2024-05-09,24,4480.84,Active,
LSE-00166,AST-0142,Ware and Sons,Middle East,2024-05-26,2026-05-16,24,8837.78,Expired,
LSE-00167,AST-0058,"Williams, Miller and Ramos",APAC,2022-05-20,2023-05-15,12,5321.27,Expired,
LSE-00168,AST-0393,"Ramos, Nelson and Fischer",North America,2023-09-11,2024-09-05,12,1273.85,Active,
LSE-00169,AST-0305,Rodriguez-Gregory,EMEA,2022-03-03,2023-02-26,12,8228.27,Active,
LSE-00170,AST-0447,"Estrada, Williams and Foster",APAC,2024-07-11,2025-07-06,12,1008.72,Active,
LSE-00171,AST-0225,Harris and Sons,North America,2024-07-22,2026-07-12,24,9175.44,Active,
LSE-00172,AST-0398,Roberts-Wilson,APAC,2025-05-20,2026-05-15,12,11925.06,Active,
LSE-00173,AST-0120,Thompson-James,EMEA,2024-01-21,2028-12-25,60,7376.05,Active,
LSE-00174,AST-0345,"Hansen, Barnett and Gomez",North America,2025-01-25,2028-01-10,36,10576.97,Active,
LSE-00175,AST-0339,"Williams, Smith and Morse",EMEA,2023-07-25,2028-06-28,60,3955.76,Active,
LSE-00176,AST-0032,"Patterson, Sullivan and Bowman",Middle East,2025-11-06,2030-10-11,60,10616.71,Expired,
LSE-00177,AST-0467,Smith-Nguyen,APAC,2023-01-12,2025-01-01,24,6892.28,Terminated,2024-05-23
LSE-00178,AST-0025,"Stevens, Norris and Cox",APAC,2025-07-20,2028-07-04,36,8220.44,Expired,
LSE-00179,AST-0403,Sanchez PLC,Middle East,2023-10-04,2028-09-07,60,5287.73,Active,
LSE-00180,AST-0077,Foster LLC,EMEA,2023-07-31,2026-07-15,36,9175.79,Active,
LSE-00181,AST-0243,Cook and Sons,EMEA,2025-04-11,2027-04-01,24,3958.47,Expired,
LSE-00182,AST-0363,"Wilson, Hicks and Bullock",North America,2021-12-26,2023-12-16,24,11019.52,Expired,
LSE-00183,AST-0288,"Mullen, Brewer and Hernandez",Middle East,2023-04-30,2027-04-09,48,6908.8,Expired,
LSE-00184,AST-0069,Gonzalez-Morrison,North America,2022-02-11,2026-01-21,48,2838.37,Active,
LSE-00185,AST-0332,"Jones, Bean and Burton",North America,2025-05-07,2026-05-02,12,10242.03,Expired,
LSE-00186,AST-0048,"Wolf, Cole and Glass",Middle East,2023-11-22,2028-10-26,60,1092.67,Terminated,2025-02-14
LSE-00187,AST-0194,"Downs, Morris and Maddox",North America,2024-05-20,2029-04-24,60,2663.88,Terminated,2024-12-15
LSE-00188,AST-0390,Jones-Ramos,LATAM,2023-03-01,2028-02-03,60,2995.69,Terminated,2026-06-17
LSE-00189,AST-0107,Vargas-Bell,Middle East,2023-02-05,2026-01-20,36,10953.43,Active,
LSE-00190,AST-0109,Hayes-Brown,North America,2021-12-22,2023-12-12,24,1849.14,Expired,
LSE-00191,AST-0387,Newman Inc,Middle East,2025-09-12,2029-08-22,48,8499.7,Expired,
LSE-00192,AST-0361,"Cruz, Carpenter and Best",North America,2024-08-19,2026-08-09,24,3252.31,Active,
LSE-00193,AST-0165,Cole PLC,LATAM,2025-03-30,2028-03-14,36,6636.98,Active,
LSE-00194,AST-0184,Jacobs-Mason,North America,2024-10-24,2027-10-09,36,6397.39,Active,
LSE-00195,AST-0255,Garcia-Nolan,LATAM,2026-04-27,2030-04-06,48,11785.16,Active,
LSE-00196,AST-0241,"Miller, Lucas and Williams",APAC,2023-04-19,2026-04-03,36,4763.11,Expired,
LSE-00197,AST-0212,Warren-Bishop,North America,2025-02-01,2026-01-27,12,9024.4,Terminated,2025-07-24
LSE-00198,AST-0009,Hughes-Schroeder,EMEA,2023-05-26,2026-05-10,36,7160.14,Terminated,2025-03-14
LSE-00199,AST-0214,Mccormick Ltd,LATAM,2024-12-12,2027-11-27,36,4293.45,Active,
LSE-00200,AST-0195,Davis-Gregory,North America,2023-04-04,2028-03-08,60,6241.97,Expired,
LSE-00201,AST-0336,"York, Brandt and Morrison",EMEA,2023-01-03,2025-12-18,36,9948.31,Active,
LSE-00202,AST-0495,Aguilar and Sons,LATAM,2022-05-08,2026-04-17,48,8926.88,Active,
LSE-00203,AST-0181,Ponce-Hale,APAC,2026-02-12,2028-02-02,24,6785.28,Active,
LSE-00204,AST-0095,"Fletcher, Miller and Hansen",Middle East,2023-07-15,2028-06-18,60,11508.22,Expired,
LSE-00205,AST-0269,Li-Santiago,APAC,2024-10-09,2025-10-04,12,1354.8,Expired,
LSE-00206,AST-0419,"Osborn, Gaines and Davis",North America,2025-09-07,2026-09-02,12,5242.51,Expired,
LSE-00207,AST-0432,"Cox, Cox and White",Middle East,2024-11-27,2026-11-17,24,2236.84,Active,
LSE-00208,AST-0112,Lee-Cooke,Middle East,2022-08-30,2027-08-04,60,1195.18,Active,
LSE-00209,AST-0327,Richard-Garcia,EMEA,2022-05-16,2027-04-20,60,8081.77,Expired,
LSE-00210,AST-0009,"Stephenson, Johnson and Rogers",EMEA,2025-05-26,2026-05-21,12,5230.39,Active,
LSE-00211,AST-0009,Harper and Sons,EMEA,2025-05-18,2030-04-22,60,11741.01,Terminated,2028-07-18
LSE-00212,AST-0009,"Wise, Lamb and Martin",EMEA,2022-05-29,2027-05-03,60,8251.38,Expired,
LSE-00213,AST-0413,Diaz-Ball,North America,2023-10-06,2025-09-25,24,1607.61,Active,
LSE-00214,AST-0077,"Mitchell, Goodman and Cole",EMEA,2026-05-18,2028-05-07,24,6554.24,Active,
LSE-00215,AST-0418,Sheppard-Mueller,North America,2024-03-27,2027-03-12,36,5064.31,Active,
LSE-00216,AST-0192,Richardson PLC,Middle East,2026-01-20,2029-12-30,48,3296.89,Active,
LSE-00217,AST-0357,Hammond-Strickland,LATAM,2026-06-14,2028-06-03,24,10022.71,Active,
LSE-00218,AST-0042,Burch-Montoya,EMEA,2024-01-31,2025-01-25,12,4861.54,Active,
LSE-00219,AST-0283,Salas Inc,LATAM,2025-07-20,2029-06-29,48,608.68,Active,
LSE-00220,AST-0088,Spencer-Garcia,APAC,2024-10-05,2025-09-30,12,5489.96,Active,
LSE-00221,AST-0402,Mitchell and Sons,LATAM,2025-10-08,2028-09-22,36,11699.16,Terminated,2028-05-03
LSE-00222,AST-0459,"Hernandez, Kim and Potts",North America,2022-12-13,2027-11-17,60,3142.31,Expired,
LSE-00223,AST-0462,Wilkerson-Arias,APAC,2022-09-13,2027-08-18,60,1035.46,Active,
LSE-00224,AST-0039,Shaw-Young,EMEA,2023-08-26,2026-08-10,36,6980.36,Expired,
LSE-00225,AST-0017,Walker-Flores,North America,2026-07-02,2028-06-21,24,4116.57,Expired,
LSE-00226,AST-0493,"Santos, Moody and Taylor",North America,2022-02-04,2024-01-25,24,11182.06,Terminated,2023-05-17
LSE-00227,AST-0154,Horton-Taylor,LATAM,2023-01-08,2024-12-28,24,10098.48,Terminated,2024-10-09
LSE-00228,AST-0200,Gilbert-Bullock,North America,2025-01-29,2030-01-03,60,9189.51,Active,
LSE-00229,AST-0072,Conley PLC,North America,2021-09-14,2022-09-09,12,11704.72,Active,
LSE-00230,AST-0028,"Rose, Rodriguez and Roberts",LATAM,2026-03-26,2027-03-21,12,10144.76,Active,
LSE-00231,AST-0175,Allen Ltd,LATAM,2023-02-02,2028-01-07,60,11480.87,Expired,
LSE-00232,AST-0204,Brown-Copeland,LATAM,2025-07-06,2028-06-20,36,3643.26,Active,
LSE-00233,AST-0231,"Smith, Robertson and Allen",Middle East,2024-01-25,2028-01-04,48,6859.93,Active,
LSE-00234,AST-0193,Smith-Gomez,LATAM,2022-04-25,2026-04-04,48,7237.56,Active,
LSE-00235,AST-0195,Beck Inc,North America,2024-05-31,2025-05-26,12,3896.86,Expired,
LSE-00236,AST-0127,Jones-Fox,APAC,2024-03-08,2025-03-03,12,2273.54,Active,
LSE-00237,AST-0365,"Spencer, Myers and Harrison",North America,2024-02-08,2026-01-28,24,4648.05,Terminated,2025-02-26
LSE-00238,AST-0047,King-Smith,North America,2024-09-25,2025-09-20,12,5614.46,Expired,
LSE-00239,AST-0390,Allen-Sandoval,LATAM,2025-06-27,2028-06-11,36,1503.92,Active,
LSE-00240,AST-0221,"Moss, Cook and Williams",APAC,2022-02-13,2026-01-23,48,5192.51,Terminated,2025-02-26
LSE-00241,AST-0014,"Thompson, Maxwell and Marshall",EMEA,2024-04-17,2025-04-12,12,1570.24,Active,
LSE-00242,AST-0307,"White, Taylor and Baldwin",North America,2025-01-10,2027-12-26,36,641.92,Expired,
LSE-00243,AST-0212,Carter Inc,North America,2026-04-01,2030-03-11,48,8835.7,Expired,
LSE-00244,AST-0287,Stewart LLC,North America,2025-07-01,2027-06-21,24,8381.13,Terminated,2026-02-19
LSE-00245,AST-0087,"Kennedy, Johnson and Lucas",EMEA,2024-02-22,2026-02-11,24,3586.68,Active,
LSE-00246,AST-0075,Glenn LLC,APAC,2023-01-06,2024-01-01,12,3673.56,Active,
LSE-00247,AST-0154,Kim-Ross,LATAM,2022-12-14,2026-11-23,48,4652.94,Expired,
LSE-00248,AST-0484,Morgan-Lopez,APAC,2023-10-09,2025-09-28,24,7328.77,Terminated,2025-04-28
LSE-00249,AST-0101,Glass-Stone,North America,2025-01-04,2028-12-14,48,4003.57,Active,
LSE-00250,AST-0486,"Coleman, Jordan and Carney",North America,2025-07-19,2029-06-28,48,7632.21,Active,
LSE-00251,AST-0412,Morris-Miller,EMEA,2022-07-01,2025-06-15,36,5452.09,Active,
LSE-00252,AST-0422,Griffin-Robbins,LATAM,2024-11-10,2029-10-15,60,4187.65,Active,
LSE-00253,AST-0486,Bell-Williams,North America,2022-06-06,2024-05-26,24,2542.83,Active,
LSE-00254,AST-0204,Mendez-Graham,LATAM,2025-11-20,2028-11-04,36,8492.01,Active,
LSE-00255,AST-9169,Jones Ltd,EMEA,2024-10-02,2029-09-06,60,4247.69,Expired,
LSE-00256,AST-0144,"Owen, Shelton and Cisneros",North America,2023-08-10,2027-07-20,48,11218.77,Active,
LSE-00257,AST-0103,"Gregory, Kim and Martinez",APAC,2022-04-24,2027-03-29,60,2569.16,Expired,
LSE-00258,AST-0394,"Diaz, Reyes and Bradley",North America,2022-10-08,2027-09-12,60,8862.95,Active,
LSE-00259,AST-0483,"Cole, Watson and Wallace",APAC,2024-08-01,2026-07-22,24,3850.31,Active,
LSE-00260,AST-0355,Moreno Group,Middle East,2021-12-27,2022-12-22,12,9650.05,Expired,
LSE-00261,AST-0210,Wright-Wilson,APAC,2023-02-26,2027-02-05,48,3982.58,Active,
LSE-00262,AST-0130,Holmes-Mcintyre,APAC,2025-03-24,2027-03-14,24,1350.6,Terminated,2026-06-13
LSE-00263,AST-0307,Padilla-Lewis,North America,2022-03-10,2026-02-17,48,6326.05,Terminated,2025-05-07
LSE-00264,AST-0472,"Hendricks, Henry and Martinez",APAC,2024-08-13,2028-07-23,48,9593.29,Active,
LSE-00265,AST-0185,Thompson-Reeves,EMEA,2025-10-20,2030-09-24,60,1757.75,Terminated,2026-06-11
LSE-00266,AST-0128,"Ponce, Downs and Contreras",LATAM,2026-07-07,2029-06-21,36,7545.8,Active,
LSE-00267,AST-0289,"Daniels, Vance and York",EMEA,2025-02-05,2029-01-15,48,4313.36,Expired,
LSE-00268,AST-0408,"Little, Leon and Hicks",North America,2025-02-09,2029-01-19,48,1633.98,Active,
LSE-00269,AST-0114,Conner and Sons,LATAM,2022-03-16,2027-02-18,60,7175.96,Terminated,2025-06-30
LSE-00270,AST-0295,Ward PLC,LATAM,2025-06-30,2027-06-20,24,4998.04,Active,
LSE-00271,AST-0396,"Anderson, Henson and Jones",North America,2023-06-04,2028-05-08,60,4467.12,Terminated,2024-06-06
LSE-00272,AST-0013,"Higgins, Fox and Hammond",LATAM,2023-07-27,2027-07-06,48,5283.72,Active,
LSE-00273,AST-0493,Martinez LLC,North America,2025-08-28,2026-08-23,12,11317.78,Active,
LSE-00274,AST-0073,Owens-Holmes,EMEA,2024-10-07,2027-09-22,36,5736.33,Active,
LSE-00275,AST-0106,"Bowman, White and Burch",Middle East,2022-03-29,2027-03-03,60,5975.87,Active,
LSE-00276,AST-0225,Guerra PLC,North America,2023-09-26,2027-09-05,48,3953.04,Active,
LSE-00277,AST-0415,Martin Ltd,APAC,2022-05-12,2023-05-07,12,4445.4,Active,
LSE-00278,AST-0056,"Jacobson, Singleton and King",Middle East,2022-09-19,2024-09-08,24,9015.63,Expired,
LSE-00279,AST-0265,"Hill, Weber and Mendez",North America,2024-09-24,2026-09-14,24,6938.26,Terminated,2025-10-27
LSE-00280,AST-0491,"Jackson, David and Moore",EMEA,2022-01-25,2026-01-04,48,5158.05,Active,
LSE-00281,AST-0095,"Winters, Morgan and Bradshaw",Middle East,2024-11-06,2026-10-27,24,5049.2,Terminated,2026-03-23
LSE-00282,AST-0378,Miller Ltd,Middle East,2021-10-23,2026-09-27,60,5670.11,Expired,
LSE-00283,AST-0220,Curtis-Wang,APAC,2025-05-26,2029-05-05,48,2970.16,Active,
LSE-00284,AST-0143,"Johnson, Small and Gardner",North America,2023-08-29,2024-08-23,12,4706.62,Terminated,2024-01-31
LSE-00285,AST-0101,Webb-Ballard,North America,2024-10-06,2028-09-15,48,8213.07,Active,
LSE-00286,AST-0251,Chavez-Barker,LATAM,2024-12-23,2029-11-27,60,4104.15,Expired,
LSE-00287,AST-0199,Washington-Harris,North America,2022-05-21,2027-04-25,60,1813.67,Active,
LSE-00288,AST-0181,Hensley-Flores,APAC,2024-08-04,2028-07-14,48,11064.85,Terminated,2026-06-04
LSE-00289,AST-0303,Hester-Anderson,APAC,2026-06-20,2027-06-15,12,1855.41,Terminated,2027-01-26
LSE-00290,AST-0157,"Rodriguez, Allen and Martinez",Middle East,2023-06-07,2024-06-01,12,8474.52,Active,
LSE-00291,AST-0262,Davis LLC,APAC,2023-10-27,2027-10-06,48,2085.47,Active,
LSE-00292,AST-0197,"Barnes, Estes and Barrera",APAC,2026-04-04,2030-03-14,48,7808.27,Active,
LSE-00293,AST-0356,"Griffith, Lee and Moore",North America,2025-08-11,2027-08-01,24,3821.6,Terminated,2027-02-23
LSE-00294,AST-0096,Jimenez-Parker,EMEA,2026-07-04,2029-06-18,36,7623.21,Expired,
LSE-00295,AST-0444,Wagner-Levy,APAC,2021-09-21,2024-09-05,36,6073.0,Expired,
LSE-00296,AST-0100,Williams-Campbell,Middle East,2022-09-01,2026-08-11,48,6312.54,Expired,
LSE-00297,AST-0254,"Chambers, Mitchell and Smith",Middle East,2024-07-19,2028-06-28,48,8666.64,Terminated,2027-01-16
LSE-00298,AST-0228,Khan Ltd,APAC,2022-02-20,2026-01-30,48,7002.07,Active,
LSE-00299,AST-0408,Diaz-Morales,North America,2023-05-29,2025-05-18,24,3660.81,Active,
LSE-00300,AST-0276,Cox LLC,North America,2024-05-31,2027-05-16,36,5759.2,Active,
LSE-00301,AST-0381,"Cole, Pierce and Bryan",LATAM,2021-12-21,2025-11-30,48,1801.93,Active,
LSE-00302,AST-0059,"Wilson, Hester and Long",APAC,2024-09-03,2027-08-19,36,9967.75,Expired,
LSE-00303,AST-0188,Grant-Diaz,APAC,2025-07-08,2030-06-12,60,978.52,Expired,
LSE-00304,AST-0369,"Hicks, Porter and Williams",EMEA,2022-04-27,2026-04-06,48,11882.42,Active,
LSE-00305,AST-0053,Brock-Stone,LATAM,2022-04-14,2024-04-03,24,11992.1,Active,
LSE-00306,AST-0231,"Taylor, Velazquez and Flores",Middle East,2022-05-05,2025-04-19,36,9892.38,Active,
LSE-00307,AST-0225,"Stevenson, Evans and Rogers",North America,2023-07-17,2024-07-11,12,3224.88,Expired,
LSE-00308,AST-0416,"Burns, Hart and Wells",APAC,2025-09-06,2030-08-11,60,7518.01,Terminated,2029-10-30
LSE-00309,AST-0220,Nunez-Whitney,APAC,2021-09-09,2023-08-30,24,9855.59,Terminated,2022-06-07
LSE-00310,AST-0413,"Wiggins, Soto and Carlson",North America,2024-06-24,2025-06-19,12,7363.86,Terminated,2025-01-13
LSE-00311,AST-0087,"Patton, Parsons and Lane",EMEA,2022-11-30,2025-11-14,36,3865.3,Expired,
LSE-00312,AST-0294,"Castillo, Warren and Griffith",LATAM,2025-02-26,2028-02-11,36,6415.77,Expired,
LSE-00313,AST-0461,Hernandez-Becker,APAC,2025-06-02,2026-05-28,12,9126.08,Active,
LSE-00314,AST-0211,"Rodriguez, Smith and Edwards",Middle East,2021-10-06,2022-10-01,12,10471.05,Expired,
LSE-00315,AST-0065,"Harris, Shaw and Carr",North America,2022-05-09,2024-04-28,24,8681.04,Active,
LSE-00316,AST-0425,"Luna, Thornton and Stone",LATAM,2023-12-06,2025-11-25,24,8276.7,Expired,
LSE-00317,AST-0251,"Mendoza, Bennett and Frye",LATAM,2024-05-14,2026-05-04,24,7719.85,Terminated,2025-04-14
LSE-00318,AST-0193,"Peterson, Gomez and Ingram",LATAM,2023-11-14,2027-10-24,48,9637.88,Active,
LSE-00319,AST-0394,"Lara, Baker and Washington",North America,2025-02-25,2026-02-20,12,9122.73,Active,
LSE-00320,AST-0356,Grant-Walker,North America,2026-04-26,2029-04-10,36,6112.51,Active,
LSE-00321,AST-0298,Wise-Bush,North America,2026-05-24,2027-05-19,12,10242.42,Expired,
LSE-00322,AST-0048,Stewart-Bailey,Middle East,2025-01-01,2028-12-11,48,10276.22,Terminated,2027-03-05
LSE-00323,AST-0408,"Hill, Martinez and Rhodes",North America,2026-03-14,2031-02-16,60,11633.48,Active,
LSE-00324,AST-0423,Cardenas-Blevins,APAC,2023-06-23,2025-06-12,24,4212.95,Active,
LSE-00325,AST-0146,Williams-Moses,EMEA,2025-07-26,2028-07-10,36,2001.83,Active,
LSE-00326,AST-0437,Douglas-Burgess,EMEA,2021-12-30,2025-12-09,48,10782.78,Expired,
LSE-00327,AST-0391,"Nelson, Hoffman and Nelson",APAC,2022-08-30,2023-08-25,12,7701.06,Active,
LSE-00328,AST-0429,"Matthews, Sanchez and Santiago",Middle East,2022-02-23,2026-02-02,48,11188.48,Active,
LSE-00329,AST-0081,"Hall, Garcia and Rivera",North America,2024-03-21,2028-02-29,48,11906.14,Active,
LSE-00330,AST-0220,"Townsend, Smith and Pierce",APAC,2023-12-07,2025-11-26,24,10958.18,Expired,
LSE-00331,AST-0452,Delgado-Gilmore,North America,2026-03-06,2029-02-18,36,11226.34,Active,
LSE-00332,AST-0141,"Gonzalez, Maynard and Morris",LATAM,2023-12-13,2024-12-07,12,1447.84,Terminated,2024-06-18
LSE-00333,AST-0341,Pearson and Sons,North America,2024-10-14,2026-10-04,24,7694.45,Active,
LSE-00334,AST-0372,"Jefferson, Johnson and Dorsey",Middle East,2024-03-29,2026-03-19,24,1548.79,Active,
LSE-00335,AST-0049,Peck Inc,LATAM,2023-08-31,2024-08-25,12,1396.3,Active,
LSE-00336,AST-0304,French-Lopez,Middle East,2026-07-06,2028-06-25,24,5618.27,Active,
LSE-00337,AST-0005,Mcdowell-Smith,Middle East,2025-04-17,2028-04-01,36,11863.78,Expired,
LSE-00338,AST-0217,Hebert LLC,APAC,2024-05-27,2026-05-17,24,3132.89,Active,
LSE-00339,AST-0046,"Daniels, Snyder and Mays",EMEA,2023-01-04,2023-12-30,12,4726.96,Active,
LSE-00340,AST-0154,Nelson-Lamb,LATAM,2025-10-17,2027-10-07,24,9853.73,Active,
LSE-00341,AST-0448,"Stevens, Scott and Lopez",Middle East,2023-03-27,2025-03-16,24,1286.73,Terminated,2023-10-19
LSE-00342,AST-0289,Bradley-Todd,EMEA,2025-03-25,2026-03-20,12,5561.14,Terminated,2025-08-16
LSE-00343,AST-0370,"Prince, Wilcox and Robertson",North America,2022-06-22,2024-06-11,24,11078.78,Terminated,2023-01-23
LSE-00344,AST-0316,"Davis, Holden and Woods",APAC,2022-01-13,2025-12-23,48,1496.91,Expired,
LSE-00345,AST-0052,Green and Sons,APAC,2026-03-18,2028-03-07,24,7280.1,Expired,
LSE-00346,AST-0197,Finley-Turner,APAC,2023-10-22,2026-10-06,36,4116.79,Expired,
LSE-00347,AST-9869,Green LLC,EMEA,2025-03-01,2027-02-19,24,1468.86,Active,
LSE-00348,AST-0284,Contreras Group,EMEA,2025-01-06,2029-12-11,60,3776.59,Terminated,2028-08-02
LSE-00349,AST-0482,Parks-Leblanc,EMEA,2023-02-13,2024-02-08,12,8071.66,Expired,
LSE-00350,AST-0155,Vaughn-Fowler,Middle East,2025-12-22,2027-12-12,24,6359.51,Active,
LSE-00351,AST-0383,Mendez-Robinson,EMEA,2026-03-27,2030-03-06,48,1127.55,Active,
LSE-00352,AST-0460,Gibson PLC,APAC,2022-04-07,2024-03-27,24,1796.55,Active,
LSE-00353,AST-0256,"Dunn, Ruiz and Medina",LATAM,2023-06-13,2028-05-17,60,10720.33,Active,
LSE-00354,AST-0007,Gill Ltd,North America,2024-11-15,2027-10-31,36,2017.8,Expired,
LSE-00355,AST-9769,Fox PLC,Middle East,2025-04-27,2030-04-01,60,6783.1,Active,
LSE-00356,AST-0089,Stark Inc,North America,2025-01-25,2029-01-04,48,9359.22,Expired,
LSE-00357,AST-0009,"Leach, Harris and Herrera",EMEA,2021-11-29,2026-11-03,60,3515.13,Active,
LSE-00358,AST-0021,"Ramos, Frazier and Love",Middle East,2022-06-02,2023-05-28,12,5076.71,Expired,
LSE-00359,AST-0147,"Griffin, Brown and Anderson",LATAM,2024-01-05,2028-12-09,60,5371.12,Expired,
LSE-00360,AST-0206,"Brown, Ford and Roman",APAC,2023-08-27,2024-08-21,12,3690.88,Terminated,2024-01-12
LSE-00361,AST-0159,Scott-Smith,APAC,2025-03-02,2026-02-25,12,2836.77,Active,
LSE-00362,AST-0414,Williams LLC,LATAM,2022-09-06,2024-08-26,24,4993.41,Active,
LSE-00363,AST-0325,"Mcknight, Michael and Jones",APAC,2025-01-19,2026-01-14,12,5531.09,Active,
LSE-00364,AST-0489,Mitchell and Sons,LATAM,2026-03-15,2028-03-04,24,1491.45,Active,
LSE-00365,AST-0223,"Good, Brewer and Fisher",EMEA,2025-05-23,2026-05-18,12,7501.57,Active,
LSE-00366,AST-0159,West-Stark,APAC,2026-06-29,2028-06-18,24,8640.86,Active,
LSE-00367,AST-0360,Vega Ltd,North America,2023-06-19,2024-06-13,12,11459.69,Active,
LSE-00368,AST-0268,Valdez LLC,LATAM,2025-11-28,2030-11-02,60,8788.8,Expired,
LSE-00369,AST-0086,"Long, Anderson and Irwin",APAC,2022-03-12,2025-02-24,36,9482.93,Active,
LSE-00370,AST-0138,Good Group,Middle East,2025-09-18,2026-09-13,12,837.6,Expired,
LSE-00371,AST-0414,"Coleman, Gray and Hall",LATAM,2024-12-02,2028-11-11,48,1234.53,Active,
LSE-00372,AST-0365,Hill Ltd,North America,2023-11-16,2028-10-20,60,5734.77,Terminated,2026-10-27
LSE-00373,AST-0185,Pacheco Group,EMEA,2025-05-16,2026-05-11,12,7019.19,Active,
LSE-00374,AST-0189,Allen Inc,Middle East,2024-08-19,2026-08-09,24,1683.41,Active,
LSE-00375,AST-0294,Griffin Ltd,LATAM,2022-02-08,2023-02-03,12,6351.49,Active,
LSE-00376,AST-0023,Sanchez Inc,Middle East,2025-01-25,2026-01-20,12,5925.29,Active,
LSE-00377,AST-0197,Fernandez Inc,APAC,2023-08-03,2025-07-23,24,11543.93,Active,
LSE-00378,AST-0019,Young-Hendricks,EMEA,2022-04-19,2027-03-24,60,8711.24,Expired,
LSE-00379,AST-0336,"Harper, Chambers and Flores",EMEA,2024-06-10,2028-05-20,48,3355.03,Active,
LSE-00380,AST-0469,Odom PLC,EMEA,2023-02-03,2026-01-18,36,1395.7,Active,
LSE-00381,AST-0191,Hill-Hawkins,Middle East,2022-09-11,2023-09-06,12,10872.32,Active,
LSE-00382,AST-0092,"Buck, Garrett and Simmons",EMEA,2024-07-08,2026-06-28,24,11786.26,Expired,
LSE-00383,AST-0489,David-Powers,LATAM,2024-01-18,2027-12-28,48,5848.58,Active,
LSE-00384,AST-0145,Horton-Russell,APAC,2025-06-22,2028-06-06,36,6860.55,Active,
LSE-00385,AST-0005,Webster Group,Middle East,2023-01-31,2026-01-15,36,6983.78,Active,
LSE-00386,AST-0156,Turner Ltd,LATAM,2022-10-17,2027-09-21,60,4735.15,Active,
LSE-00387,AST-0498,Melendez-Hart,EMEA,2022-04-27,2026-04-06,48,9422.69,Expired,
LSE-00388,AST-0376,"Moreno, Price and Scott",North America,2026-05-15,2031-04-19,60,3318.96,Expired,
LSE-00389,AST-0004,Nielsen LLC,North America,2023-03-27,2027-03-06,48,6727.77,Active,
LSE-00390,AST-0326,"Calderon, Williams and Bennett",Middle East,2022-01-24,2023-01-19,12,516.81,Expired,
LSE-00391,AST-0337,Russo and Sons,APAC,2024-08-01,2028-07-11,48,8862.97,Expired,
LSE-00392,AST-0054,"Ramsey, Hansen and Mendoza",North America,2025-07-26,2027-07-16,24,3238.93,Active,
LSE-00393,AST-0252,Turner-Stout,EMEA,2025-11-19,2026-11-14,12,2137.3,Expired,
LSE-00394,AST-0144,Hayden Inc,North America,2022-08-26,2023-08-21,12,3161.93,Active,
LSE-00395,AST-9503,Rocha-Dominguez,APAC,2025-04-13,2030-03-18,60,10799.15,Active,
LSE-00396,AST-0235,Herman-Arnold,LATAM,2025-01-25,2026-01-20,12,2035.41,Terminated,2025-12-09
LSE-00397,AST-0420,Owens-Wong,EMEA,2025-06-03,2029-05-13,48,7029.94,Active,
LSE-00398,AST-0223,Hunt-Crawford,EMEA,2023-02-15,2025-02-04,24,3501.4,Active,
LSE-00399,AST-0162,"Harrison, Franco and Rocha",APAC,2022-02-04,2026-01-14,48,4157.66,Terminated,2024-02-02
LSE-00400,AST-0140,Williams-Shields,APAC,2023-06-07,2025-05-27,24,2831.2,Active,
LSE-00401,AST-0400,Green PLC,North America,2025-04-03,2030-03-08,60,1715.06,Active,
LSE-00402,AST-0231,Phillips-Gonzalez,Middle East,2024-06-16,2028-05-26,48,1888.47,Active,
LSE-00403,AST-0184,"Whitaker, Porter and Pena",North America,2022-09-28,2024-09-17,24,5828.49,Active,
LSE-00404,AST-0437,Hines-Burns,EMEA,2024-12-22,2025-12-17,12,9787.36,Active,
LSE-00405,AST-0156,"Henry, Jackson and Norton",LATAM,2025-03-02,2030-02-04,60,10113.13,Active,
LSE-00406,AST-0168,"Payne, White and Preston",Middle East,2022-06-11,2024-05-31,24,3354.52,Active,
LSE-00407,AST-0183,Warren Inc,APAC,2026-06-24,2030-06-03,48,8287.61,Active,
LSE-00408,AST-0134,"Williams, Smith and Taylor",APAC,2026-04-04,2028-03-24,24,5150.51,Active,
LSE-00409,AST-0232,Mann Inc,LATAM,2024-09-16,2029-08-21,60,1589.34,Terminated,2026-04-10
LSE-00410,AST-0053,Brooks-Williamson,LATAM,2022-09-07,2024-08-27,24,1209.2,Active,
LSE-00411,AST-0400,"Durham, Hopkins and Smith",North America,2024-11-20,2026-11-10,24,9972.24,Active,
LSE-00412,AST-0191,Smith-Moreno,Middle East,2024-03-23,2025-03-18,12,11050.43,Terminated,2024-10-01
LSE-00413,AST-0039,Smith-Li,LATAM,2022-12-17,2023-12-12,12,2774.13,Expired,
LSE-00414,AST-0331,Rodriguez Inc,North America,2024-12-03,2028-11-12,48,1557.75,Expired,
LSE-00415,AST-0434,Lee PLC,North America,2024-03-09,2027-02-22,36,11336.23,Active,
LSE-00416,AST-0026,Adams-Sanders,EMEA,2022-11-07,2024-10-27,24,5481.3,Expired,
LSE-00417,AST-0371,Stevens-Sanchez,EMEA,2023-06-12,2027-05-22,48,4901.39,Active,
LSE-00418,AST-0219,Sutton-Abbott,LATAM,2025-01-14,2027-01-04,24,10945.5,Active,
LSE-00419,AST-0141,"Malone, Davis and Gray",LATAM,2024-10-28,2027-10-13,36,2209.26,Active,
LSE-00420,AST-0315,Walsh Ltd,Middle East,2024-04-29,2029-04-03,60,3893.71,Terminated,2028-02-13
LSE-00421,AST-0211,Bruce-Newman,Middle East,2022-06-14,2027-05-19,60,1508.8,Active,
LSE-00422,AST-0197,Jacobson Inc,APAC,2023-03-28,2025-03-17,24,7890.5,Active,
LSE-00423,AST-0409,"Clay, Alvarez and Williams",LATAM,2022-09-27,2027-09-01,60,11932.0,Active,
LSE-00424,AST-0279,Lam-Elliott,North America,2021-12-22,2022-12-17,12,9492.03,Expired,
LSE-00425,AST-0184,Smith-Clark,North America,2021-10-09,2025-09-18,48,6073.81,Active,
LSE-00426,AST-0468,"Nicholson, Hickman and Evans",APAC,2022-04-26,2027-03-31,60,4966.38,Active,
LSE-00427,AST-0093,"Davenport, Price and Mosley",LATAM,2024-05-19,2025-05-14,12,3018.73,Active,
LSE-00428,AST-0459,"Taylor, Hinton and Ramsey",North America,2023-03-29,2026-03-13,36,11902.61,Active,
LSE-00429,AST-0272,Brown-Kim,EMEA,2024-01-27,2027-01-11,36,11995.47,Expired,
LSE-00430,AST-0499,Jacobs-Austin,North America,2025-09-25,2027-09-15,24,8053.94,Active,
LSE-00431,AST-0137,Johnson-Nelson,LATAM,2024-07-15,2029-06-19,60,11048.48,Expired,
LSE-00432,AST-0029,Perez-Tran,EMEA,2026-06-28,2028-06-17,24,4580.25,Terminated,2027-09-28
LSE-00433,AST-0430,Frazier Ltd,North America,2023-06-16,2025-06-05,24,7313.97,Active,
LSE-00434,AST-0413,"Phillips, Wright and Jones",North America,2023-06-24,2026-06-08,36,824.38,Expired,
LSE-00435,AST-0359,Dawson-Walters,Middle East,2022-12-05,2025-11-19,36,6981.47,Expired,
LSE-00436,AST-0289,Ward-Davis,EMEA,2025-03-31,2027-03-21,24,9819.61,Expired,
LSE-00437,AST-0497,Ward-Nelson,North America,2026-03-31,2030-03-10,48,2518.9,Active,
LSE-00438,AST-0020,Jordan PLC,APAC,2022-04-05,2023-03-31,12,7419.12,Active,
LSE-00439,AST-0011,Garcia-Davis,APAC,2024-05-03,2029-04-07,60,4314.94,Active,
LSE-00440,AST-0315,"George, Nguyen and Cruz",Middle East,2024-05-02,2026-04-22,24,4418.73,Expired,
LSE-00441,AST-0091,Maxwell-Hardy,EMEA,2023-01-17,2026-01-01,36,2198.69,Active,
LSE-00442,AST-0361,Armstrong and Sons,North America,2024-05-11,2026-05-01,24,10234.53,Expired,
LSE-00443,AST-0441,Taylor LLC,Middle East,2024-12-23,2027-12-08,36,4796.29,Expired,
LSE-00444,AST-9890,Brown Group,APAC,2022-12-06,2026-11-15,48,3970.3,Terminated,2024-12-24
LSE-00445,AST-0070,Washington-Jones,North America,2022-12-19,2024-12-08,24,9606.19,Terminated,2024-05-09
LSE-00446,AST-0492,Le Group,APAC,2022-11-06,2026-10-16,48,8632.6,Terminated,2023-12-27
LSE-00447,AST-0288,Ellis and Sons,Middle East,2024-07-12,2029-06-16,60,3067.23,Expired,
LSE-00448,AST-0302,Cook-Oliver,North America,2023-02-09,2025-01-29,24,8940.94,Active,
LSE-00449,AST-0151,Alexander-Jordan,North America,2025-07-25,2027-07-15,24,520.68,Active,
LSE-00450,AST-0360,"Mccann, Taylor and Flores",North America,2025-08-29,2030-08-03,60,11934.26,Active,
LSE-00451,AST-0495,Mendoza and Sons,LATAM,2026-04-08,2031-03-13,60,7427.47,Active,
LSE-00452,AST-0472,Carter-Neal,APAC,2026-05-09,2031-04-13,60,7003.83,Active,
LSE-00453,AST-0480,"Casey, Nguyen and Ramirez",LATAM,2024-01-09,2027-12-19,48,9071.45,Active,
LSE-00454,AST-0122,Wilson-Elliott,APAC,2025-06-22,2028-06-06,36,2430.71,Expired,
LSE-00455,AST-0454,"White, Saunders and Johnson",LATAM,2024-07-09,2025-07-04,12,8205.28,Expired,
LSE-00456,AST-0374,"Clark, Salinas and Guerra",Middle East,2025-03-09,2028-02-22,36,3549.94,Active,
LSE-00457,AST-0128,Chambers-Taylor,LATAM,2021-12-13,2022-12-08,12,9550.73,Active,
LSE-00458,AST-0369,Hopkins-Espinoza,Middle East,2023-02-05,2024-01-31,12,5539.53,Active,
LSE-00459,AST-0215,Cole PLC,EMEA,2025-06-28,2027-06-18,24,6170.44,Expired,
LSE-00460,AST-0194,Ferguson-Mclean,North America,2023-12-19,2026-12-03,36,1666.43,Active,
LSE-00461,AST-0246,Stephens-Gibbs,LATAM,2025-11-19,2030-10-24,60,3094.2,Terminated,2029-11-25
LSE-00462,AST-0232,"Wheeler, Rocha and Rodriguez",LATAM,2023-05-18,2024-05-12,12,884.25,Expired,
LSE-00463,AST-0011,"Kelly, Holland and Williams",APAC,2022-10-30,2025-10-14,36,1704.34,Active,
LSE-00464,AST-0176,"Lucas, Rasmussen and Rivera",North America,2026-06-12,2028-06-01,24,2350.4,Expired,
LSE-00465,AST-0039,Smith LLC,EMEA,2025-07-11,2030-06-15,60,11747.48,Expired,
LSE-00466,AST-0174,"Stone, Carpenter and Johnston",EMEA,2022-09-13,2027-08-18,60,10772.1,Expired,
LSE-00467,AST-0361,Ford-Frazier,North America,2023-10-20,2024-10-14,12,8016.8,Active,
LSE-00468,AST-0311,Cooper Inc,EMEA,2025-01-02,2028-12-12,48,1664.46,Active,
LSE-00469,AST-0106,Perry-Nixon,Middle East,2023-12-26,2025-12-15,24,6872.29,Active,
LSE-00470,AST-0474,"Thomas, Collins and Gibson",EMEA,2022-03-07,2027-02-09,60,3737.52,Active,
LSE-00471,AST-0122,Bailey-Davis,LATAM,2022-08-17,2023-08-12,12,7075.35,Active,
LSE-00472,AST-0431,Flores-Evans,EMEA,2025-02-27,2029-02-06,48,4649.53,Active,
LSE-00473,AST-0219,Johnson LLC,LATAM,2025-08-05,2026-07-31,12,8113.23,Active,
LSE-00474,AST-0308,"Marsh, Spears and Yang",LATAM,2024-10-17,2028-09-26,48,795.96,Active,
LSE-00475,AST-0088,"Moore, Castro and Mullen",APAC,2024-02-23,2027-02-07,36,5946.06,Expired,
LSE-00476,AST-0060,Soto-Lopez,Middle East,2022-10-01,2025-09-15,36,5915.86,Expired,
LSE-00477,AST-0459,Johnson-Mendez,North America,2024-11-03,2027-10-19,36,6757.45,Active,
LSE-00478,AST-0095,"Jordan, Smith and Lewis",Middle East,2022-07-31,2025-07-15,36,4748.12,Expired,
LSE-00479,AST-0229,"Stokes, Brown and Garcia",Middle East,2022-12-23,2023-12-18,12,5848.17,Active,
LSE-00480,AST-0116,Diaz and Sons,APAC,2025-11-24,2028-11-08,36,9150.7,Terminated,2026-06-26
LSE-00481,AST-0342,Lambert-Burns,APAC,2023-11-10,2024-11-04,12,4453.6,Active,
LSE-00482,AST-0278,Harper-Carr,Middle East,2026-05-11,2030-04-20,48,7281.85,Expired,
LSE-00483,AST-0284,Bell-Ellis,EMEA,2024-06-30,2025-06-25,12,9911.66,Expired,
LSE-00484,AST-0215,"Mccarthy, Evans and Mendez",LATAM,2022-06-16,2027-05-21,60,7086.21,Terminated,2025-04-13
LSE-00485,AST-0121,Edwards and Sons,LATAM,2022-01-10,2025-12-20,48,5040.25,Active,
LSE-00486,AST-0438,Brooks and Sons,EMEA,2023-02-10,2024-02-05,12,10855.23,Active,
LSE-00487,AST-0410,Carlson-Andrews,EMEA,2024-02-14,2029-01-18,60,2195.65,Terminated,2027-10-06
LSE-00488,AST-0487,Reid-Steele,LATAM,2023-09-09,2027-08-19,48,11820.23,Active,
LSE-00489,AST-0498,Peters Group,EMEA,2024-10-12,2026-10-02,24,1951.14,Expired,
LSE-00490,AST-0217,Edwards Group,APAC,2023-01-11,2024-01-06,12,5507.02,Expired,
LSE-00491,AST-0422,Crane-Washington,LATAM,2024-08-27,2026-08-17,24,3465.69,Expired,
LSE-00492,AST-0467,Maynard-Wagner,APAC,2022-07-27,2023-07-22,12,6898.19,Active,
LSE-00493,AST-0283,"Vasquez, Mckinney and Wallace",LATAM,2024-01-16,2026-12-31,36,6476.41,Expired,
LSE-00494,AST-9076,"Johnson, Juarez and Carter",EMEA,2022-06-07,2023-06-02,12,7665.17,Expired,
LSE-00495,AST-0268,"Roberts, Norman and Cunningham",LATAM,2022-12-17,2026-11-26,48,2220.89,Active,
LSE-00496,AST-0291,Dunn-Wilson,LATAM,2025-05-29,2030-05-03,60,11136.67,Terminated,2026-02-18
LSE-00497,AST-0289,"Morrow, Richardson and Carson",EMEA,2022-03-04,2023-02-27,12,10475.97,Expired,
LSE-00498,AST-0451,"Alexander, Robinson and Coleman",APAC,2021-10-24,2024-10-08,36,3537.57,Expired,
LSE-00499,AST-0336,"Potter, Evans and Kidd",EMEA,2025-03-24,2029-03-03,48,930.86,Terminated,2028-01-16
LSE-00500,AST-0142,Atkins-Miller,Middle East,2023-10-27,2027-10-06,48,7499.54,Active,
LSE-00501,AST-0356,Rowe and Sons,North America,2025-11-12,2029-10-22,48,10730.1,Active,
LSE-00502,AST-0170,"Matthews, Bell and Page",LATAM,2022-08-22,2024-08-11,24,5965.01,Active,
LSE-00503,AST-0138,Jensen and Sons,Middle East,2024-09-20,2027-09-05,36,9899.94,Active,
LSE-00504,AST-0156,Hudson PLC,LATAM,2025-08-11,2028-07-26,36,6153.62,Active,
LSE-00505,AST-0357,"Jackson, Werner and Carter",LATAM,2022-12-28,2023-12-23,12,3121.51,Expired,
LSE-00506,AST-0154,"Duke, Shelton and Davis",LATAM,2024-06-04,2028-05-14,48,4189.99,Expired,
LSE-00507,AST-0374,Sellers-Riddle,Middle East,2026-05-06,2030-04-15,48,2661.26,Terminated,2027-01-03
LSE-00508,AST-0109,Miles and Sons,North America,2025-11-15,2029-10-25,48,10472.67,Terminated,2028-12-06
LSE-00509,AST-0421,"Morris, Wright and Bridges",APAC,2022-11-02,2023-10-28,12,2328.18,Active,
LSE-00510,AST-0160,Ray LLC,North America,2023-07-17,2028-06-20,60,9475.94,Active,
LSE-00511,AST-0269,Hayes-Schultz,LATAM,2024-09-11,2029-08-16,60,2716.78,Active,
LSE-00512,AST-0427,Powell Ltd,LATAM,2025-12-08,2027-11-28,24,3369.14,Expired,
LSE-00513,AST-0234,Gibson-Freeman,North America,2022-12-23,2023-12-18,12,8603.29,Expired,
LSE-00514,AST-0141,"Davis, Stanton and Reid",LATAM,2024-06-21,2027-06-06,36,6308.95,Expired,
LSE-00515,AST-0326,Flynn Group,Middle East,2025-01-14,2026-01-09,12,4783.37,Terminated,2025-07-16
LSE-00516,AST-0305,Summers-Simpson,EMEA,2022-09-06,2026-08-16,48,10510.53,Active,
LSE-00517,AST-0301,Morgan-Lane,APAC,2023-03-13,2028-02-15,60,2380.41,Active,
LSE-00518,AST-9051,Kramer-Shannon,Middle East,2024-05-23,2027-05-08,36,1539.51,Terminated,2026-06-27
LSE-00519,AST-0015,Garcia Group,Middle East,2025-05-11,2029-04-20,48,10318.95,Active,
LSE-00520,AST-0400,Alexander Inc,Middle East,2021-09-09,2023-08-30,24,7944.87,Expired,
LSE-00521,AST-0347,Harris-Barker,Middle East,2026-06-27,2028-06-16,24,5209.33,Active,
LSE-00522,AST-0011,"Turner, Baxter and Mcdowell",APAC,2022-04-04,2023-03-30,12,2021.61,Active,
LSE-00523,AST-0089,Wright-Watson,North America,2022-01-25,2026-12-30,60,3073.36,Expired,
LSE-00524,AST-0312,Williams Ltd,Middle East,2026-01-20,2029-01-04,36,7891.51,Terminated,2028-03-16
LSE-00525,AST-0217,"Fischer, Patterson and Davis",APAC,2023-02-10,2027-01-20,48,5778.48,Expired,
LSE-00526,AST-0112,Woods and Sons,Middle East,2022-01-28,2026-01-07,48,6487.34,Active,
LSE-00527,AST-0320,"Frazier, Smith and Dominguez",APAC,2024-07-12,2028-06-21,48,6382.41,Terminated,2024-09-25
LSE-00528,AST-0340,Benson-Woods,LATAM,2025-08-17,2028-08-01,36,7504.08,Terminated,2027-06-16
LSE-00529,AST-0153,Cross Inc,North America,2022-09-26,2023-09-21,12,4367.26,Active,
LSE-00530,AST-0142,Ibarra-Taylor,Middle East,2022-02-12,2025-01-27,36,3503.19,Expired,
LSE-00531,AST-0365,May Ltd,North America,2025-05-31,2028-05-15,36,6448.88,Active,
LSE-00532,AST-9480,"Elliott, Bishop and Martin",North America,2022-04-24,2023-04-19,12,9727.18,Expired,
LSE-00533,AST-0308,Fuller and Sons,LATAM,2023-05-03,2027-04-12,48,8794.76,Terminated,2024-04-13
LSE-00534,AST-0336,"Parks, Heath and Miller",EMEA,2026-02-18,2030-01-28,48,3483.4,Expired,
LSE-00535,AST-0215,Lawrence Group,LATAM,2022-02-07,2026-01-17,48,906.17,Active,
LSE-00536,AST-9872,Edwards-Taylor,North America,2023-05-04,2028-04-07,60,4446.42,Expired,
LSE-00537,AST-0366,Wright PLC,Middle East,2022-12-21,2024-12-10,24,10925.05,Terminated,2024-06-20
LSE-00538,AST-0344,"Mitchell, Pugh and Johnson",Middle East,2024-07-23,2027-07-08,36,10222.32,Active,
LSE-00539,AST-0431,Harris-Lawson,EMEA,2025-10-10,2030-09-14,60,1622.44,Active,
LSE-00540,AST-0066,Phillips-Brown,North America,2022-07-15,2025-06-29,36,9273.56,Terminated,2024-04-07
LSE-00541,AST-0094,Simpson Inc,Middle East,2026-01-09,2028-12-24,36,4585.76,Terminated,2026-10-23
LSE-00542,AST-0382,"Wheeler, Rice and Levine",APAC,2022-10-17,2025-10-01,36,10698.7,Active,
LSE-00543,AST-0191,Anderson-Valencia,Middle East,2026-06-18,2029-06-02,36,10288.96,Terminated,2027-12-04
LSE-00544,AST-0241,Payne-Thompson,APAC,2024-05-27,2025-05-22,12,7211.11,Expired,
LSE-00545,AST-0484,Smith Inc,APAC,2023-12-04,2028-11-07,60,10728.4,Active,
LSE-00546,AST-0257,Williams Inc,LATAM,2021-09-04,2022-08-30,12,4889.2,Expired,
LSE-00547,AST-0153,Hunter-Fuller,North America,2026-04-10,2030-03-20,48,10323.76,Active,
LSE-00548,AST-0071,Henderson-Morales,North America,2024-01-27,2026-01-16,24,11852.7,Active,
LSE-00549,AST-0458,"Jensen, Ramirez and Collins",Middle East,2024-10-04,2028-09-13,48,10417.53,Active,
LSE-00550,AST-0093,Mccann and Sons,LATAM,2024-02-15,2025-02-09,12,7756.88,Active,
LSE-00551,AST-0091,Willis-Hines,EMEA,2024-03-31,2027-03-16,36,5698.61,Terminated,2024-06-03
LSE-00552,AST-0108,"Jones, Hale and Blair",EMEA,2024-10-21,2026-10-11,24,6130.14,Terminated,2025-05-31
LSE-00553,AST-0391,Sanchez Group,APAC,2025-10-09,2026-10-04,12,5487.68,Active,
LSE-00554,AST-0220,"Lynch, Parker and Harmon",APAC,2022-03-07,2026-02-14,48,5990.1,Active,
LSE-00555,AST-0003,Smith and Sons,Middle East,2025-04-02,2026-03-28,12,8902.58,Active,
LSE-00556,AST-0487,Crawford LLC,LATAM,2025-01-21,2026-01-16,12,9203.75,Expired,
LSE-00557,AST-0272,"Green, Watson and Brady",EMEA,2024-03-07,2026-02-25,24,547.42,Active,
LSE-00558,AST-0376,"Tanner, Wise and Johnson",Middle East,2025-11-26,2027-11-16,24,10585.33,Active,
LSE-00559,AST-0160,Warren-Baker,EMEA,2025-07-30,2027-07-20,24,6288.37,Active,
LSE-00560,AST-0157,"Jones, Gibson and Ward",Middle East,2026-05-28,2028-05-17,24,1025.76,Active,
LSE-00561,AST-0486,"Jackson, Moore and Ayala",North America,2024-01-25,2027-01-09,36,6483.32,Active,
LSE-00562,AST-0269,"Sharp, Perez and Hicks",APAC,2026-01-03,2028-12-18,36,8397.97,Active,
LSE-00563,AST-0069,Sanchez Group,North America,2021-10-29,2024-10-13,36,6137.05,Expired,
LSE-00564,AST-0385,White Inc,North America,2023-05-26,2025-05-15,24,10929.28,Active,
LSE-00565,AST-0416,"Yang, Barnes and Morris",APAC,2024-04-29,2028-04-08,48,3079.7,Active,
LSE-00566,AST-0068,"Flores, Mckenzie and Duncan",EMEA,2023-08-28,2025-08-17,24,6303.29,Terminated,2025-06-21
LSE-00567,AST-0064,"Winters, White and Brock",North America,2022-03-13,2025-02-25,36,929.68,Terminated,2024-07-31
LSE-00568,AST-0449,Jones-Marshall,LATAM,2026-06-08,2029-05-23,36,7666.05,Expired,
LSE-00569,AST-0305,Murphy-Tran,EMEA,2022-12-31,2023-12-26,12,1054.7,Terminated,2023-03-11
LSE-00570,AST-0060,Carter LLC,Middle East,2021-08-25,2025-08-04,48,1921.34,Active,
LSE-00571,AST-0130,Marshall PLC,APAC,2025-03-31,2029-03-10,48,8494.71,Terminated,2026-07-24
LSE-00572,AST-9246,Oconnor PLC,Middle East,2026-05-22,2027-05-17,12,8109.14,Active,
LSE-00573,AST-0340,Hernandez Group,LATAM,2025-05-07,2030-04-11,60,7464.79,Active,
LSE-00574,AST-0071,"Reed, Franco and Wiley",North America,2021-09-22,2025-09-01,48,1706.51,Expired,
LSE-00575,AST-0369,Blake Group,EMEA,2026-04-14,2031-03-19,60,1811.14,Active,
LSE-00576,AST-0055,"Parker, Harris and Bird",APAC,2025-10-13,2029-09-22,48,2797.12,Active,
LSE-00577,AST-0135,Kaufman and Sons,APAC,2023-09-03,2028-08-07,60,4616.1,Expired,
LSE-00578,AST-0210,Williams and Sons,APAC,2025-02-09,2028-01-25,36,6803.6,Active,
LSE-00579,AST-0467,"Gutierrez, Huang and Ellis",APAC,2026-01-08,2027-12-29,24,4301.94,Terminated,2027-07-14
LSE-00580,AST-0002,"Davis, Anderson and Wilkins",North America,2025-04-15,2026-04-10,12,10105.17,Terminated,2025-08-09
LSE-00581,AST-0343,"Brown, Bates and Anderson",APAC,2021-12-23,2025-12-02,48,1535.95,Active,
LSE-00582,AST-0262,Howe-Long,APAC,2023-01-16,2024-01-11,12,10904.96,Terminated,2023-05-07
LSE-00583,AST-0330,Stewart-Nelson,APAC,2025-09-13,2027-09-03,24,11738.85,Active,
LSE-00584,AST-0136,Taylor PLC,Middle East,2021-12-23,2025-12-02,48,9851.55,Active,
LSE-00585,AST-0448,Martin Group,Middle East,2022-02-22,2023-02-17,12,4642.47,Expired,
LSE-00586,AST-0347,Herrera and Sons,Middle East,2023-02-26,2026-02-10,36,1832.86,Active,
LSE-00587,AST-0436,Baker-Wilson,North America,2023-10-31,2024-10-25,12,2091.54,Active,
LSE-00588,AST-0332,"Torres, Bush and Morrison",North America,2022-05-21,2024-05-10,24,10787.07,Active,
LSE-00589,AST-0490,Hernandez-Dawson,LATAM,2022-09-01,2027-08-06,60,8930.28,Active,
LSE-00590,AST-0191,Palmer-Byrd,Middle East,2026-05-16,2029-04-30,36,5108.94,Active,
LSE-00591,AST-0493,Johnson Group,North America,2022-11-21,2026-10-31,48,4935.73,Active,
LSE-00592,AST-0436,"Adkins, Wright and Murray",APAC,2025-10-23,2029-10-02,48,7961.73,Expired,
LSE-00593,AST-0409,Martinez Inc,LATAM,2025-07-24,2027-07-14,24,8505.95,Active,
LSE-00594,AST-0031,Anderson Group,APAC,2025-09-10,2027-08-31,24,10979.11,Active,
LSE-00595,AST-0248,"Pace, Miller and Willis",APAC,2023-06-10,2028-05-14,60,7530.22,Terminated,2024-08-14
LSE-00596,AST-0399,Johnson Inc,EMEA,2026-02-13,2029-01-28,36,8371.34,Terminated,2028-09-13
LSE-00597,AST-0430,"Ramos, Anderson and Stein",North America,2022-08-01,2024-07-21,24,6113.41,Active,
LSE-00598,AST-0455,Martinez-Dunlap,LATAM,2025-09-08,2029-08-18,48,1228.36,Active,
LSE-00599,AST-0336,"Hamilton, Ramsey and Crawford",EMEA,2021-11-09,2024-10-24,36,10485.82,Active,
LSE-00600,AST-0269,Thompson-Lewis,APAC,2023-06-29,2028-06-02,60,11745.8,Terminated,2024-11-28
LSE-00447,AST-0288,Ellis and Sons,Middle East,2024-07-12,2029-06-16,60,3067.23,Expired,
LSE-00405,AST-0156,"Henry, Jackson and Norton",LATAM,2025-03-02,2030-02-04,60,10113.13,Active,
LSE-00510,AST-0160,Ray LLC,North America,2023-07-17,2028-06-20,60,9475.94,Active,
LSE-00456,AST-0374,"Clark, Salinas and Guerra",Middle East,2025-03-09,2028-02-22,36,3549.94,Active,
LSE-00202,AST-0495,Aguilar and Sons,LATAM,2022-05-08,2026-04-17,48,8926.88,Active,
LSE-00024,AST-0041,"Haynes, Hill and Smith",APAC,2023-04-14,2027-03-24,48,6772.96,Terminated,2024-06-16
LSE-00416,AST-0026,Adams-Sanders,EMEA,2022-11-07,2024-10-27,24,5481.3,Expired,
LSE-00549,AST-0458,"Jensen, Ramirez and Collins",Middle East,2024-10-04,2028-09-13,48,10417.53,Active,
